seq,subj,item,cond,R1,R2,R3,R4,R5,R6,R7
16,1,2,1,0,1,1,1,1,1,
59,1,4,1,0,1,1,0,,1,
22,1,6,1,0,1,1,1,0,0,
36,1,8,1,0,0,0,0,0,0,
53,1,10,1,0,,1,0,0,1,
65,1,12,1,0,0,1,1,1,0,
68,1,14,1,0,0,0,1,1,,1
52,1,16,1,0,1,0,0,0,1,
8,1,18,1,0,1,1,0,1,1,
67,1,20,1,0,1,1,0,,,1
64,1,22,1,0,0,1,1,1,1,
18,1,24,1,0,1,1,1,,1,
10,1,26,1,0,1,1,0,0,1,
34,1,28,1,0,0,0,1,0,1,
20,1,30,1,0,1,1,1,1,1,
58,1,32,1,0,0,1,0,1,1,
50,1,1,2,0,1,1,0,,1,
12,1,3,2,0,1,0,1,,1,
5,1,5,2,0,1,1,0,0,1,
14,1,7,2,0,1,1,1,1,1,
27,1,9,2,0,1,0,0,1,1,
55,1,11,2,0,1,1,1,1,1,
33,1,13,2,0,0,0,1,,1,
45,1,15,2,0,1,0,1,0,1,
57,1,17,2,0,0,1,1,0,1,
9,1,19,2,0,1,1,1,0,1,
46,1,21,2,0,0,0,0,0,1,
63,1,23,2,0,0,1,0,0,1,
35,1,25,2,0,0,0,0,0,0,
7,1,27,2,0,1,0,1,1,1,
56,1,29,2,0,1,1,1,1,1,
24,1,31,2,0,1,1,0,1,1,
8,2,2,1,0,0,0,0,0,0,
11,2,4,1,0,0,1,0,,1,
63,2,6,1,0,0,0,0,0,1,
54,2,8,1,0,0,0,0,0,0,
17,2,10,1,0,0,0,0,0,0,
39,2,12,1,0,0,1,0,1,0,
32,2,14,1,0,0,0,0,0,1,
23,2,16,1,0,0,0,0,0,0,
48,2,18,1,0,0,0,0,0,0,
44,2,20,1,0,0,0,0,0,1,
16,2,22,1,,,,,,1,
37,2,24,1,0,0,0,0,,1,
40,2,26,1,,1,0,0,0,0,
65,2,28,1,0,1,1,0,0,1,
10,2,30,1,0,0,0,0,0,0,
53,2,32,1,0,0,0,0,0,0,
13,2,1,2,0,0,0,0,,1,
61,2,3,2,0,0,0,0,0,0,
57,2,5,2,0,1,0,0,0,0,
35,2,7,2,0,0,0,0,0,0,
49,2,9,2,0,0,0,0,1,0,
45,2,11,2,0,1,1,0,0,1,
26,2,13,2,0,0,0,0,0,1,
22,2,15,2,0,0,0,0,1,0,
28,2,17,2,0,0,0,0,0,1,
30,2,19,2,0,0,0,0,0,1,
31,2,21,2,0,1,0,0,0,0,
60,2,23,2,0,0,0,0,0,0,
38,2,25,2,0,0,0,0,0,0,
27,2,27,2,0,1,1,0,1,0,
5,2,29,2,0,0,0,0,0,1,
52,2,31,2,0,0,0,0,0,0,
37,3,2,1,0,0,0,1,0,1,
60,3,4,1,0,1,0,0,1,0,
48,3,6,1,0,0,0,1,0,0,
51,3,8,1,0,0,1,1,0,1,
54,3,10,1,,1,0,0,0,0,
20,3,12,1,0,1,0,0,0,,
23,3,14,1,0,0,0,0,1,1,
41,3,16,1,0,0,0,1,0,0,
65,3,18,1,0,0,0,0,0,,
63,3,20,1,0,0,0,1,0,1,
19,3,22,1,0,0,1,1,1,0,
68,3,24,1,0,0,0,0,,1,
28,3,26,1,0,1,0,0,0,0,
39,3,28,1,0,0,1,1,1,0,
35,3,30,1,0,1,0,1,0,0,
36,3,32,1,0,1,0,0,1,0,
17,3,1,2,0,0,1,0,0,1,
42,3,3,2,0,1,0,0,1,0,
66,3,5,2,0,0,0,0,1,0,
29,3,7,2,0,1,0,0,1,0,
13,3,9,2,0,0,0,0,1,1,
6,3,11,2,0,0,1,0,1,1,
44,3,13,2,0,0,0,0,0,1,
27,3,15,2,0,0,1,,1,0,
56,3,17,2,0,0,0,1,0,1,
47,3,19,2,0,1,0,1,0,1,
10,3,21,2,0,0,0,0,0,0,
33,3,23,2,0,0,0,0,0,1,
59,3,25,2,0,0,0,0,0,1,
50,3,27,2,0,0,1,0,0,1,
21,3,29,2,0,0,0,0,1,1,
53,3,31,2,0,0,0,0,0,1,
43,4,2,1,0,0,0,0,0,0,
55,4,4,1,0,0,0,0,,1,
18,4,6,1,0,0,0,0,0,1,
32,4,8,1,0,1,0,0,0,0,
13,4,10,1,0,0,,1,0,1,
11,4,12,1,0,1,0,1,,1,
46,4,14,1,0,1,0,0,0,0,
26,4,16,1,0,1,0,0,0,0,1
57,4,18,1,0,1,0,0,0,0,
65,4,20,1,0,1,0,0,0,0,
39,4,22,1,0,0,0,0,0,1,
63,4,24,1,0,0,0,0,,1,
12,4,26,1,0,0,0,0,0,0,
22,4,28,1,0,1,0,0,0,1,
5,4,30,1,0,0,0,0,0,0,
45,4,32,1,0,0,0,0,0,0,
49,4,1,2,0,0,0,0,0,0,
35,4,3,2,0,0,0,1,,1,
6,4,5,2,0,0,0,1,0,0,
24,4,7,2,0,0,0,0,0,0,
30,4,9,2,0,0,0,0,,1,
40,4,11,2,0,1,0,0,0,0,
64,4,13,2,0,0,0,0,,1,
34,4,15,2,0,0,0,1,1,1,
47,4,17,2,0,1,0,0,0,0,
29,4,19,2,0,1,0,0,0,0,
8,4,21,2,0,0,0,0,0,0,
52,4,23,2,0,0,0,0,0,0,
15,4,25,2,0,1,1,0,,,
67,4,27,2,0,0,0,0,0,1,
41,4,29,2,0,0,0,1,0,1,
48,4,31,2,0,0,0,1,0,0,
38,5,2,1,0,0,0,0,,1,
43,5,4,1,0,0,0,0,0,0,
40,5,6,1,0,0,0,0,0,1,
31,5,8,1,0,1,0,0,0,0,
22,5,10,1,0,0,0,0,0,1,
18,5,12,1,0,0,0,0,,0,1
35,5,14,1,0,0,0,0,0,0,
15,5,16,1,0,0,0,0,1,1,
47,5,18,1,0,0,0,0,0,0,
16,5,20,1,0,0,0,0,0,1,
21,5,22,1,,,,,1,1,
45,5,24,1,0,0,0,0,1,1,
53,5,26,1,0,0,0,0,1,1,
51,5,28,1,0,0,0,0,,1,
24,5,30,1,0,1,0,0,,1,
14,5,32,1,0,0,0,0,0,1,
54,5,1,2,0,0,0,0,0,1,
11,5,3,2,0,0,0,0,0,0,
56,5,5,2,0,0,0,0,0,1,
36,5,7,2,0,0,1,0,0,0,
60,5,9,2,0,0,0,0,0,1,
46,5,11,2,0,0,1,0,1,1,
29,5,13,2,0,0,0,0,0,1,
68,5,15,2,0,0,1,0,0,1,
28,5,17,2,0,0,0,0,0,1,
34,5,19,2,0,0,0,0,0,0,
7,5,21,2,0,0,0,0,0,1,
25,5,23,2,0,0,0,0,0,1,
30,5,25,2,0,0,0,0,0,1,
8,5,27,2,0,0,0,0,0,1,
63,5,29,2,0,0,1,0,0,0,
6,5,31,2,0,0,0,1,1,0,
43,6,2,1,0,0,1,0,0,0,1
66,6,4,1,0,0,1,0,0,0,
64,6,6,1,0,0,1,1,0,0,
17,6,8,1,0,1,1,1,0,1,
22,6,10,1,0,0,1,0,0,1,
21,6,12,1,0,1,1,1,,1,
38,6,14,1,0,0,0,0,1,1,1
19,6,16,1,0,0,0,0,0,1,
28,6,18,1,0,0,1,1,,1,
42,6,20,1,0,0,1,1,0,1,
53,6,22,1,0,1,0,0,0,0,
13,6,24,1,0,0,1,0,,1,
45,6,26,1,0,0,1,0,1,1,
14,6,28,1,0,1,0,0,0,1,
63,6,30,1,0,1,0,1,0,1,
56,6,32,1,0,0,1,0,0,0,1
57,6,1,2,0,0,0,0,1,0,
36,6,3,2,0,1,0,1,,1,
51,6,5,2,0,1,0,0,0,0,
68,6,7,2,0,0,0,0,1,1,
15,6,9,2,0,1,1,0,1,1,
40,6,11,2,,1,0,0,0,0,
46,6,13,2,0,,1,0,0,0,
8,6,15,2,0,0,1,0,1,1,
27,6,17,2,0,1,1,1,1,1,
62,6,19,2,0,0,1,,1,1,
33,6,21,2,0,0,0,1,1,1,
54,6,23,2,0,0,1,0,1,1,
12,6,25,2,0,0,,1,1,0,
61,6,27,2,0,0,1,0,0,0,
7,6,29,2,0,0,,1,,1,
6,6,31,2,0,1,0,0,1,1,
12,7,2,1,0,1,0,0,0,1,
21,7,4,1,0,0,0,,1,0,
6,7,6,1,0,0,0,1,1,1,
17,7,8,1,0,0,0,1,0,0,
49,7,10,1,0,1,1,0,0,0,
10,7,12,1,0,0,,1,1,1,
19,7,14,1,0,0,0,0,0,0,
31,7,16,1,0,0,0,0,0,0,
28,7,18,1,0,,1,1,1,1,
16,7,20,1,0,1,1,0,0,0,
27,7,22,1,0,0,0,1,0,1,
20,7,24,1,0,0,0,0,,1,
60,7,26,1,0,0,0,0,0,0,
48,7,28,1,0,0,0,0,0,0,
52,7,30,1,0,1,0,0,0,0,
32,7,32,1,0,0,0,0,0,0,
43,7,1,2,0,0,0,0,,1,
35,7,3,2,0,0,0,0,,1,
46,7,5,2,0,0,0,0,0,0,
29,7,7,2,0,0,,1,0,0,
23,7,9,2,0,0,1,0,1,1,
45,7,11,2,0,0,1,1,0,1,
37,7,13,2,0,1,0,0,0,1,
26,7,15,2,0,0,1,0,1,1,
58,7,17,2,0,1,0,0,0,0,
56,7,19,2,0,,1,0,0,0,
42,7,21,2,0,0,0,0,,1,
59,7,23,2,0,0,0,0,0,0,
40,7,25,2,0,0,0,0,0,0,
11,7,27,2,0,0,0,1,0,1,
65,7,29,2,0,,1,0,0,1,
57,7,31,2,0,0,0,0,0,1,
57,8,1,1,0,0,0,0,,1,
46,8,3,1,0,0,0,1,,1,
10,8,5,1,0,0,0,1,0,1,
18,8,7,1,0,1,1,1,0,0,
8,8,9,1,0,1,0,0,0,1,
20,8,11,1,0,0,1,1,1,1,
49,8,13,1,0,1,0,0,,1,
7,8,15,1,0,0,1,1,1,1,
14,8,17,1,0,0,1,0,0,1,
12,8,19,1,0,1,0,0,0,1,
15,8,21,1,0,,1,0,,1,
50,8,23,1,0,1,0,0,0,0,
48,8,25,1,0,0,0,1,0,1,
63,8,27,1,0,0,1,1,1,1,
13,8,29,1,0,1,0,0,1,1,
39,8,31,1,0,1,0,0,0,0,
25,8,2,2,0,1,1,0,0,1,
23,8,4,2,0,0,0,1,0,1,
66,8,6,2,0,1,0,1,1,0,
32,8,8,2,0,0,0,0,0,0,
56,8,10,2,0,0,0,0,0,0,
51,8,12,2,0,1,0,0,,1,
31,8,14,2,0,1,1,0,1,0,
67,8,16,2,0,1,0,1,0,1,
22,8,18,2,0,0,1,1,0,1,
42,8,20,2,0,1,1,0,,1,
52,8,22,2,0,0,1,1,0,1,
43,8,24,2,0,0,0,0,,1,
65,8,26,2,0,0,0,0,0,0,
54,8,28,2,0,1,0,0,1,1,
41,8,30,2,0,0,0,0,0,1,
53,8,32,2,0,0,1,1,0,0,
20,9,2,1,0,1,1,1,1,1,
6,9,4,1,0,0,1,0,1,1,
14,9,6,1,0,0,1,1,1,1,
50,9,8,1,0,0,1,0,1,1,
9,9,10,1,0,1,1,1,1,1,
39,9,12,1,0,0,1,1,1,1,
56,9,14,1,0,1,1,1,1,,1
45,9,16,1,0,1,1,1,0,1,
11,9,18,1,0,1,1,1,1,0,
42,9,20,1,0,1,1,1,1,1,
27,9,22,1,0,0,1,1,1,1,
36,9,24,1,0,0,1,1,1,1,
32,9,26,1,0,0,1,1,1,1,
33,9,28,1,0,0,0,0,1,1,
30,9,30,1,0,,1,1,1,0,
35,9,32,1,0,0,0,0,1,0,
57,9,1,2,0,1,1,0,,0,
28,9,3,2,0,1,1,1,1,1,
64,9,5,2,0,1,1,1,1,1,
18,9,7,2,0,1,0,0,0,0,
48,9,9,2,0,0,1,1,0,1,
44,9,11,2,,1,1,1,1,1,
12,9,13,2,0,1,1,1,1,1,
47,9,15,2,0,0,1,1,1,1,
59,9,17,2,0,1,,1,0,1,
34,9,19,2,0,0,1,0,1,0,
17,9,21,2,0,,1,1,1,,
46,9,23,2,0,1,1,1,1,,1
43,9,25,2,0,1,1,1,1,1,
62,9,27,2,0,1,1,1,1,1,
52,9,29,2,0,1,1,1,1,0,
16,9,31,2,0,0,1,1,0,1,
62,10,2,1,0,0,0,0,,1,
53,10,4,1,0,1,0,0,1,1,
20,10,6,1,0,0,0,1,0,1,
24,10,8,1,0,1,0,1,1,,
56,10,10,1,0,0,1,0,0,1,
17,10,12,1,0,0,1,0,,0,
15,10,14,1,,1,0,1,1,0,
18,10,16,1,0,0,1,0,0,0,
10,10,18,1,0,0,0,1,0,1,
40,10,20,1,0,0,0,0,0,0,
33,10,22,1,0,0,0,1,0,0,
9,10,24,1,0,0,0,0,,1,
31,10,26,1,0,0,0,,1,1,
38,10,28,1,0,1,0,0,0,1,
32,10,30,1,0,0,0,0,0,1,
64,10,32,1,0,0,1,1,1,0,
5,10,1,2,0,1,,1,,1,
36,10,3,2,0,1,0,0,,1,
44,10,5,2,0,0,0,0,0,1,
47,10,7,2,0,0,1,0,0,1,
11,10,9,2,0,0,0,1,,1,
8,10,11,2,0,0,1,0,0,1,
34,10,13,2,0,1,1,1,,1,
66,10,15,2,0,0,1,0,1,0,
29,10,17,2,0,0,1,1,1,0,
39,10,19,2,0,1,0,0,0,0,
16,10,21,2,0,1,1,0,1,0,
27,10,23,2,0,0,,1,0,1,
58,10,25,2,0,1,0,0,,1,
65,10,27,2,0,0,1,0,0,0,
7,10,29,2,0,0,1,0,1,0,
23,10,31,2,0,0,0,0,0,1,
34,11,2,1,0,0,0,0,0,1,
26,11,4,1,0,1,1,0,1,0,
54,11,6,1,0,0,0,0,0,1,
31,11,8,1,0,0,0,0,0,1,
38,11,10,1,0,1,0,0,0,1,
25,11,12,1,0,1,0,0,,1,
50,11,14,1,0,1,0,0,1,1,
63,11,16,1,0,0,0,0,0,0,
21,11,18,1,0,0,0,0,0,1,
10,11,20,1,,1,0,1,0,0,
57,11,22,1,0,1,1,1,1,1,
65,11,24,1,0,0,0,1,,1,
56,11,26,1,0,0,0,1,0,1,
47,11,28,1,0,0,0,0,1,0,
60,11,30,1,0,0,0,0,0,0,
17,11,32,1,0,0,0,1,0,1,
13,11,1,2,0,0,1,0,0,1,
11,11,3,2,0,0,0,0,,1,
19,11,5,2,0,0,1,0,0,0,
36,11,7,2,0,0,1,0,1,1,
43,11,9,2,0,0,1,0,1,1,
52,11,11,2,0,0,0,0,0,1,
68,11,13,2,0,0,0,0,0,1,
53,11,15,2,0,0,0,0,1,1,
22,11,17,2,0,0,0,0,0,1,
59,11,19,2,0,0,0,0,0,1,
23,11,21,2,0,0,0,0,1,1,
18,11,23,2,0,0,0,0,0,1,
49,11,25,2,0,0,0,0,0,1,
33,11,27,2,0,0,1,0,0,1,
24,11,29,2,,1,1,1,1,1,
30,11,31,2,,1,0,1,0,1,
62,12,2,1,0,0,0,0,0,1,
9,12,4,1,0,0,0,0,0,1,
18,12,6,1,0,0,0,0,0,1,
53,12,8,1,0,1,0,0,0,1,
32,12,10,1,0,0,0,0,0,0,
69,12,12,1,0,0,1,1,0,1,
11,12,14,1,0,1,0,0,0,1,
14,12,16,1,,1,1,0,0,1,
68,12,18,1,0,0,0,0,0,1,
70,12,20,1,0,0,,1,0,0,
51,12,22,1,0,0,1,0,1,1,
26,12,24,1,0,0,0,0,,1,
42,12,26,1,0,0,,1,0,1,
39,12,28,1,0,0,0,0,,1,
40,12,30,1,0,0,0,0,0,1,
41,12,32,1,0,0,0,0,0,,1
24,12,1,2,0,0,0,0,,1,1
28,12,3,2,0,0,0,0,,1,
30,12,5,2,0,1,,1,1,1,
36,12,7,2,0,0,1,1,0,1,
60,12,9,2,0,0,0,1,1,0,
7,12,11,2,0,0,1,,1,1,
38,12,13,2,0,,1,1,0,1,
64,12,15,2,0,0,0,0,1,1,
20,12,17,2,0,1,0,0,1,0,
49,12,19,2,0,0,1,0,0,1,
6,12,21,2,0,0,0,0,0,1,
48,12,23,2,0,1,0,0,0,1,
8,12,25,2,0,0,0,0,,1,
67,12,27,2,0,0,1,0,1,1,
23,12,29,2,0,1,1,,1,0,1
55,12,31,2,0,0,0,0,1,0,
56,13,2,1,0,1,1,1,0,1,
53,13,4,1,0,1,0,0,0,1,
43,13,6,1,0,0,0,0,0,0,
48,13,8,1,0,0,0,0,0,0,
45,13,10,1,0,0,0,0,0,1,
29,13,12,1,0,0,1,1,1,1,
35,13,14,1,0,0,0,0,1,1,
17,13,16,1,0,0,1,1,0,1,
51,13,18,1,0,0,1,1,0,0,
55,13,20,1,0,0,0,0,0,1,
37,13,22,1,0,0,0,0,1,1,
7,13,24,1,0,0,0,0,,1,
8,13,26,1,0,0,1,0,0,1,
15,13,28,1,0,0,0,1,0,1,
26,13,30,1,0,0,0,1,1,1,
28,13,32,1,0,0,0,1,0,1,
64,13,1,2,0,0,0,0,,1,
22,13,3,2,0,0,0,0,,1,
60,13,5,2,0,0,0,0,0,1,
30,13,7,2,0,0,0,0,0,1,
18,13,9,2,0,0,0,1,0,1,
58,13,11,2,0,0,1,0,0,1,
50,13,13,2,0,0,0,0,0,1,
47,13,15,2,0,0,1,0,0,1,
38,13,17,2,0,0,0,0,0,1,
9,13,19,2,0,0,1,0,0,0,
14,13,21,2,0,0,0,0,0,0,
5,13,23,2,,1,0,0,0,0,
59,13,25,2,0,0,0,0,0,1,
6,13,27,2,0,0,0,0,0,1,
12,13,29,2,0,0,1,0,0,1,
36,13,31,2,0,0,0,0,0,1,
39,14,2,1,0,1,1,1,1,1,
66,14,4,1,0,1,1,1,0,1,
37,14,6,1,0,0,1,0,0,0,
50,14,8,1,0,0,0,0,1,1,
60,14,10,1,0,1,1,1,0,1,1
7,14,12,1,0,1,1,0,0,1,
63,14,14,1,0,0,0,1,1,,1
35,14,16,1,0,0,1,1,0,0,
53,14,18,1,0,1,1,,1,0,
23,14,20,1,0,1,1,0,,1,
29,14,22,1,0,1,1,1,1,,
36,14,24,1,0,1,1,1,1,1,
30,14,26,1,0,1,0,0,0,1,
34,14,28,1,0,1,0,1,0,1,
46,14,30,1,0,1,1,0,0,1,
45,14,32,1,0,1,1,1,0,0,
26,14,1,2,0,0,1,1,,1,
16,14,3,2,0,1,1,0,,1,
54,14,5,2,0,1,1,1,1,0,
11,14,7,2,0,0,1,1,1,1,
5,14,9,2,0,0,1,1,1,1,
44,14,11,2,0,1,1,1,0,0,
33,14,13,2,0,1,1,1,1,1,1
48,14,15,2,0,1,1,0,0,0,
59,14,17,2,0,1,1,0,0,1,
51,14,19,2,0,1,1,0,0,0,
15,14,21,2,0,,1,1,0,0,
55,14,23,2,0,0,,1,1,0,1
14,14,25,2,0,1,0,0,0,0,
18,14,27,2,0,0,1,0,1,1,
13,14,29,2,0,1,0,0,1,1,
49,14,31,2,0,1,1,0,1,,1
22,15,2,1,0,0,0,0,,1,
59,15,4,1,0,0,0,0,1,0,
52,15,6,1,0,0,0,0,0,0,
13,15,8,1,0,0,0,0,0,0,
54,15,10,1,0,0,0,0,1,0,
21,15,12,1,0,0,0,0,,1,
20,15,14,1,0,0,0,0,0,0,
62,15,16,1,0,1,0,0,0,0,
8,15,18,1,0,0,0,1,0,0,
11,15,20,1,0,0,0,0,0,0,
19,15,22,1,0,0,0,0,0,0,
58,15,24,1,0,1,1,0,,1,
65,15,26,1,0,0,0,0,0,0,
39,15,28,1,0,1,1,1,,1,
5,15,30,1,0,0,0,0,0,0,
49,15,32,1,0,0,1,0,0,0,
63,15,1,2,0,0,0,0,0,0,
56,15,3,2,0,0,0,0,,1,
25,15,5,2,0,0,1,0,0,1,
47,15,7,2,0,0,0,0,0,0,
50,15,9,2,0,0,0,0,0,1,
66,15,11,2,0,0,1,0,0,1,
67,15,13,2,0,,1,0,,1,
36,15,15,2,0,0,1,0,1,0,
24,15,17,2,0,0,1,0,0,0,
15,15,19,2,0,1,0,0,0,0,
17,15,21,2,0,0,0,0,,1,
33,15,23,2,0,0,0,0,0,0,
10,15,25,2,0,0,0,0,0,0,
45,15,27,2,0,0,0,0,0,1,
40,15,29,2,0,,1,0,0,0,
34,15,31,2,0,0,0,0,0,1,
21,16,2,1,0,1,1,1,0,,
55,16,4,1,0,1,1,1,0,1,
46,16,6,1,0,0,0,1,1,1,
20,16,8,1,0,0,0,0,0,0,
54,16,10,1,0,1,0,1,0,1,
45,16,12,1,0,0,1,1,,,
15,16,14,1,0,0,1,1,0,0,0
12,16,16,1,0,0,0,,1,,1
40,16,18,1,0,0,1,1,1,1,
63,16,20,1,0,0,1,0,,1,
37,16,22,1,0,0,1,0,1,0,
59,16,24,1,0,1,1,1,,1,
47,16,26,1,0,1,0,0,0,0,
43,16,28,1,0,1,1,0,1,0,
18,16,30,1,0,0,1,0,1,1,
39,16,32,1,0,1,0,0,1,1,1
35,16,1,2,0,1,0,0,1,,
14,16,3,2,0,0,0,0,0,0,
10,16,5,2,0,1,0,0,0,0,
29,16,7,2,0,1,1,0,1,1,
50,16,9,2,0,1,1,0,1,1,
57,16,11,2,0,1,1,1,0,1,
66,16,13,2,0,0,0,1,,0,
25,16,15,2,0,0,1,1,0,,1
41,16,17,2,0,1,1,0,1,1,
7,16,19,2,0,0,0,0,0,1,
51,16,21,2,0,0,1,0,1,1,
13,16,23,2,0,0,0,0,0,1,1
61,16,25,2,0,0,0,0,,1,
9,16,27,2,0,0,0,0,0,1,
17,16,29,2,0,0,0,1,1,0,1
60,16,31,2,0,0,1,0,0,0,
36,17,2,1,0,0,0,0,,1,
63,17,4,1,0,1,1,0,0,1,
62,17,6,1,0,0,1,0,0,1,
25,17,8,1,0,0,0,1,0,1,
56,17,10,1,0,0,0,0,0,1,
18,17,12,1,0,0,1,0,1,1,
13,17,14,1,0,0,0,0,1,1,
11,17,16,1,0,0,0,0,0,1,
53,17,18,1,0,1,0,0,0,0,
45,17,20,1,0,0,1,0,,1,
14,17,22,1,0,0,0,0,0,0,
7,17,24,1,0,,1,0,,1,
35,17,26,1,0,0,0,1,0,1,
8,17,28,1,0,0,0,0,,1,
19,17,30,1,0,0,0,0,0,0,
16,17,32,1,0,0,0,0,0,1,
22,17,1,2,0,0,1,0,,0,
23,17,3,2,0,1,0,0,,1,
37,17,5,2,0,1,0,0,0,1,
55,17,7,2,0,0,1,0,0,0,
43,17,9,2,0,0,0,1,0,1,
5,17,11,2,0,0,0,1,0,1,
50,17,13,2,0,,1,0,,1,
39,17,15,2,0,0,0,1,1,1,
41,17,17,2,0,1,0,1,0,0,
54,17,19,2,0,0,0,0,1,1,
34,17,21,2,0,0,1,0,0,0,
60,17,23,2,0,0,0,0,0,1,
12,17,25,2,0,0,0,0,,1,
32,17,27,2,0,0,0,1,0,0,
6,17,29,2,0,0,1,0,0,0,
15,17,31,2,0,0,0,1,0,0,
48,18,2,1,0,0,1,0,0,0,
66,18,4,1,0,0,1,0,0,1,
22,18,6,1,0,0,1,0,0,0,
15,18,8,1,0,1,0,0,0,0,
26,18,10,1,0,0,0,0,0,1,
41,18,12,1,0,0,0,0,0,1,
5,18,14,1,0,0,0,0,0,1,
59,18,16,1,0,0,0,0,0,1,
25,18,18,1,0,0,1,0,0,1,
52,18,20,1,0,0,1,0,0,0,
36,18,22,1,0,0,0,0,0,1,
37,18,24,1,0,1,0,0,,1,
12,18,26,1,0,0,1,1,0,1,
57,18,28,1,0,0,0,0,0,1,
17,18,30,1,0,0,0,0,0,1,
51,18,32,1,0,0,0,0,0,1,
13,18,1,2,0,0,1,0,0,1,
33,18,3,2,0,0,0,0,0,1,
60,18,5,2,0,0,0,0,0,1,
55,18,7,2,0,0,0,0,1,0,
30,18,9,2,0,0,0,0,,1,
63,18,11,2,0,0,1,0,0,1,
24,18,13,2,0,0,0,0,0,1,
50,18,15,2,0,0,0,1,0,0,
21,18,17,2,0,0,0,0,0,0,
10,18,19,2,0,0,1,0,0,1,
45,18,21,2,0,0,0,0,0,0,
32,18,23,2,0,0,0,0,0,1,
54,18,25,2,0,0,0,1,0,1,
18,18,27,2,0,0,1,1,0,1,
42,18,29,2,0,0,0,0,0,1,
35,18,31,2,0,0,0,0,0,1,
23,19,1,1,0,0,0,0,,1,
36,19,3,1,0,0,0,0,,1,
6,19,5,1,0,0,0,0,0,0,
32,19,7,1,0,1,0,1,0,1,
53,19,9,1,0,0,0,0,0,1,
5,19,11,1,0,0,1,1,0,1,
20,19,13,1,0,0,0,1,1,1,
57,19,15,1,0,0,0,1,1,0,
43,19,17,1,0,0,1,0,0,1,
60,19,19,1,0,0,0,0,0,1,
44,19,21,1,0,0,0,0,1,1,
22,19,23,1,0,0,0,0,0,1,
64,19,25,1,0,0,0,0,,1,
18,19,27,1,0,0,1,0,0,1,
17,19,29,1,0,1,1,0,0,,1
46,19,31,1,0,0,0,0,0,1,
25,19,2,2,0,1,1,1,,1,
27,19,4,2,0,0,0,0,0,1,
61,19,6,2,0,0,1,0,0,0,
50,19,8,2,0,0,1,0,0,0,
58,19,10,2,0,0,0,1,0,1,
38,19,12,2,0,0,0,0,,1,
47,19,14,2,0,0,0,1,0,1,
13,19,16,2,0,0,0,0,0,0,
19,19,18,2,0,0,1,1,0,1,
52,19,20,2,0,0,1,0,0,1,
31,19,22,2,0,0,0,0,0,1,
49,19,24,2,0,1,0,0,,1,
8,19,26,2,0,0,0,0,0,1,
30,19,28,2,0,1,0,1,0,1,
45,19,30,2,0,1,0,0,0,1,
56,19,32,2,0,0,0,0,0,1,
61,20,2,1,0,0,0,0,0,0,
14,20,4,1,0,0,1,0,0,0,
41,20,6,1,0,0,0,0,0,0,
7,20,8,1,0,0,0,0,0,1,
22,20,10,1,0,0,0,0,0,0,
65,20,12,1,,1,0,0,1,0,
38,20,14,1,0,0,0,0,0,0,
48,20,16,1,0,0,0,0,0,1,
29,20,18,1,0,0,1,0,0,0,
45,20,20,1,0,0,0,0,0,1,
35,20,22,1,0,0,,1,0,0,
47,20,24,1,0,0,0,0,,0,
24,20,26,1,0,0,0,0,0,0,
57,20,28,1,0,0,0,0,,1,
30,20,30,1,0,0,0,0,0,1,
46,20,32,1,0,0,1,0,0,0,
32,20,1,2,0,0,1,0,0,0,
17,20,3,2,0,0,0,0,,1,
66,20,5,2,0,0,0,0,0,0,
39,20,7,2,0,0,1,0,0,0,
9,20,9,2,0,0,0,0,0,1,
53,20,11,2,0,0,1,0,0,1,
50,20,13,2,0,,1,0,0,1,
59,20,15,2,0,0,0,0,0,1,
12,20,17,2,0,0,0,0,0,0,
64,20,19,2,0,0,0,0,0,0,
63,20,21,2,0,0,0,0,0,0,
31,20,23,2,0,0,0,0,0,0,
26,20,25,2,0,0,0,0,1,0,
37,20,27,2,0,1,1,1,0,0,
56,20,29,2,,1,0,0,0,0,
60,20,31,2,0,0,0,0,0,0,
32,21,2,1,0,0,1,0,0,1,
66,21,4,1,0,0,0,0,0,0,
5,21,6,1,0,0,0,0,1,,
30,21,8,1,0,0,0,0,0,0,
49,21,10,1,0,0,0,0,0,0,
12,21,12,1,0,0,0,0,,1,
64,21,14,1,,,,1,0,0,
41,21,16,1,0,0,0,0,0,0,
52,21,18,1,0,0,0,0,0,0,
26,21,20,1,0,0,1,0,0,0,
55,21,22,1,0,1,1,0,0,0,
40,21,24,1,0,0,0,0,,1,
34,21,26,1,0,0,0,0,0,1,
29,21,28,1,0,0,0,1,1,1,
62,21,30,1,0,0,1,0,0,0,
46,21,32,1,0,0,1,0,0,0,
35,21,1,2,0,1,0,0,0,0,
18,21,3,2,0,0,0,0,,1,
47,21,5,2,0,0,0,0,0,0,
13,21,7,2,0,0,1,0,1,0,
27,21,9,2,0,0,0,1,0,1,
15,21,11,2,0,0,0,0,,1,
44,21,13,2,0,1,1,0,,1,
20,21,15,2,0,0,1,0,0,1,
51,21,17,2,0,0,0,1,0,0,
7,21,19,2,0,0,0,0,0,0,
58,21,21,2,0,0,0,0,0,0,
42,21,23,2,0,0,1,0,0,0,
23,21,25,2,0,0,0,0,,1,
56,21,27,2,0,0,0,0,1,1,
45,21,29,2,0,0,0,0,0,0,
63,21,31,2,0,0,0,0,1,0,
42,22,1,1,0,0,1,1,,1,
67,22,3,1,0,0,1,1,0,0,
60,22,5,1,0,0,0,0,0,1,
26,22,7,1,0,0,1,1,0,0,
48,22,9,1,0,0,0,0,0,1,
19,22,11,1,0,0,1,0,,1,
32,22,13,1,0,1,1,0,0,1,
44,22,15,1,0,0,0,1,1,1,
38,22,17,1,0,0,1,0,0,1,
41,22,19,1,0,0,1,0,0,1,
56,22,21,1,0,1,1,0,0,0,
6,22,23,1,0,,1,1,1,1,
14,22,25,1,0,1,0,0,,1,
17,22,27,1,0,0,0,1,1,1,
64,22,29,1,0,,1,1,0,1,
30,22,31,1,0,0,1,0,0,0,
57,22,2,2,0,0,0,0,0,0,
28,22,4,2,0,0,0,,1,1,
54,22,6,2,0,0,0,0,0,1,
15,22,8,2,0,0,0,0,,1,
39,22,10,2,0,0,1,0,0,1,
66,22,12,2,0,0,0,0,1,0,
20,22,14,2,0,0,0,0,0,1,
33,22,16,2,0,0,0,0,0,1,
63,22,18,2,0,0,0,0,0,0,
9,22,20,2,0,1,1,1,0,1,
62,22,22,2,0,0,0,1,1,0,
53,22,24,2,0,0,0,1,,1,
59,22,26,2,0,0,1,1,0,0,
65,22,28,2,0,0,1,0,1,1,
11,22,30,2,0,1,1,0,0,1,
50,22,32,2,0,0,1,0,0,1,
29,23,1,1,0,1,0,0,1,1,
56,23,3,1,0,0,1,1,1,0,
46,23,5,1,0,0,0,0,0,1,
51,23,7,1,0,1,1,0,0,0,
9,23,9,1,0,0,0,0,,1,
45,23,11,1,0,0,1,1,0,1,
16,23,13,1,0,1,0,0,,1,1
42,23,15,1,0,1,1,0,0,1,
61,23,17,1,0,1,1,0,0,1,
55,23,19,1,0,0,1,1,1,1,
25,23,21,1,0,1,1,0,1,1,
40,23,23,1,0,0,1,0,,1,
14,23,25,1,0,0,0,0,0,0,
36,23,27,1,0,1,0,0,0,0,
44,23,29,1,0,0,1,0,0,0,
60,23,31,1,0,1,0,0,,1,
19,23,2,2,0,1,1,1,1,,1
58,23,4,2,0,1,1,0,0,1,
27,23,6,2,0,0,0,0,1,0,
63,23,8,2,0,0,0,0,1,0,
34,23,10,2,0,0,0,0,0,1,
38,23,12,2,0,1,0,0,0,,1
67,23,14,2,0,0,1,1,0,1,
15,23,16,2,0,1,0,0,0,0,
31,23,18,2,0,0,1,,1,1,
33,23,20,2,0,0,1,1,0,1,
66,23,22,2,0,1,1,1,1,1,
37,23,24,2,0,1,0,0,,1,
65,23,26,2,0,1,1,1,0,1,
41,23,28,2,0,1,1,1,1,1,
62,23,30,2,0,0,0,0,0,1,
26,23,32,2,0,1,1,0,1,1,
33,24,2,1,0,0,1,0,0,1,
51,24,4,1,0,0,0,1,0,1,
16,24,6,1,0,0,0,0,0,0,
9,24,8,1,0,1,0,0,0,0,
20,24,10,1,0,0,0,0,0,0,
12,24,12,1,0,0,1,1,,1,
52,24,14,1,0,0,0,0,0,0,
8,24,16,1,0,1,0,0,0,1,1
34,24,18,1,0,0,1,0,1,1,
10,24,20,1,0,0,0,1,0,1,
21,24,22,1,0,0,0,0,0,1,
18,24,24,1,0,0,0,0,,1,
67,24,26,1,0,1,0,0,0,0,
58,24,28,1,0,0,0,0,1,1,
26,24,30,1,0,1,0,0,0,1,
39,24,32,1,0,0,0,1,0,0,
15,24,1,2,0,0,0,0,0,1,
38,24,3,2,0,0,0,0,,1,
60,24,5,2,0,0,0,0,0,0,
46,24,7,2,0,0,0,0,0,1,
30,24,9,2,0,0,0,0,,1,
37,24,11,2,0,0,0,0,,1,
31,24,13,2,0,0,0,0,,1,
36,24,15,2,0,0,0,0,0,0,
28,24,17,2,0,0,0,0,0,1,
50,24,19,2,0,0,0,0,0,0,
27,24,21,2,0,0,0,0,,1,
47,24,23,2,0,0,0,0,1,0,
49,24,25,2,0,0,0,0,,1,
56,24,27,2,0,0,0,1,0,1,
61,24,29,2,0,0,0,0,0,0,
29,24,31,2,0,0,0,1,1,0,
30,25,2,1,0,1,1,0,0,0,
17,25,4,1,0,0,1,0,0,0,
66,25,6,1,0,1,0,0,0,1,
23,25,8,1,0,0,1,0,0,1,
5,25,10,1,0,0,1,0,1,1,
37,25,12,1,0,1,0,0,,1,
32,25,14,1,0,1,1,0,1,1,
58,25,16,1,0,0,0,,0,0,
33,25,18,1,0,0,1,0,0,0,
11,25,20,1,0,1,0,0,,1,
60,25,22,1,0,0,0,0,1,1,
19,25,24,1,0,1,0,0,,1,
48,25,26,1,0,1,0,0,0,0,
59,25,28,1,0,0,0,0,0,1,
51,25,30,1,0,0,0,0,0,0,
14,25,32,1,0,0,1,1,1,0,
35,25,1,2,0,1,1,1,1,,1
55,25,3,2,0,0,0,0,,1,
42,25,5,2,0,0,0,0,0,1,
9,25,7,2,0,0,1,0,0,1,
38,25,9,2,0,0,0,0,0,1,
46,25,11,2,0,0,1,1,0,1,
28,25,13,2,0,0,1,0,,1,
64,25,15,2,0,0,0,0,0,1,
52,25,17,2,0,0,0,1,0,0,
20,25,19,2,0,0,1,1,1,1,
21,25,21,2,0,0,0,0,0,1,
40,25,23,2,0,0,0,0,0,0,
49,25,25,2,0,0,0,0,0,0,
27,25,27,2,0,0,0,0,0,1,
53,25,29,2,0,,1,1,0,0,
56,25,31,2,0,0,0,1,1,0,
11,26,2,1,0,1,1,1,0,1,
5,26,4,1,0,1,0,1,0,0,
61,26,6,1,0,0,0,0,0,1,
7,26,8,1,0,0,0,1,0,0,
38,26,10,1,0,1,0,0,1,0,
62,26,12,1,0,0,1,0,,1,
15,26,14,1,0,,1,0,1,1,
60,26,16,1,0,0,,1,1,1,
54,26,18,1,0,0,0,1,0,1,
37,26,20,1,0,0,1,1,,1,
29,26,22,1,0,0,,1,1,1,
26,26,24,1,0,0,1,1,1,1,0
35,26,26,1,0,0,0,1,0,0,
64,26,28,1,0,1,1,1,0,1,
23,26,30,1,0,1,1,1,1,1,
33,26,32,1,0,0,,1,0,0,
39,26,1,2,0,1,0,0,,1,
30,26,3,2,0,1,1,0,,0,
9,26,5,2,0,1,1,0,1,1,
13,26,7,2,0,1,0,0,0,1,
40,26,9,2,0,0,0,0,,1,
25,26,11,2,0,1,1,1,,1,
28,26,13,2,0,0,1,1,1,0,
16,26,15,2,0,1,0,1,1,1,
63,26,17,2,0,1,0,0,0,1,
27,26,19,2,0,0,1,0,1,1,
36,26,21,2,0,1,0,0,1,1,
49,26,23,2,0,0,1,0,0,0,
51,26,25,2,0,1,0,0,0,0,
57,26,27,2,0,0,1,0,1,1,
58,26,29,2,0,0,1,0,0,1,
19,26,31,2,0,1,1,0,1,1,
20,27,2,1,0,0,1,0,0,0,
8,27,4,1,0,0,1,0,0,0,
22,27,6,1,0,0,0,0,0,0,
62,27,8,1,0,,0,0,0,1,
6,27,10,1,0,1,0,0,1,0,
10,27,12,1,0,1,0,0,0,0,
23,27,14,1,0,0,0,0,1,,1
38,27,16,1,0,0,0,0,0,0,
49,27,18,1,0,1,0,1,1,1,
41,27,20,1,0,0,1,1,0,1,
60,27,22,1,0,1,0,1,1,0,
42,27,24,1,0,0,0,0,,1,
27,27,26,1,0,0,0,0,0,0,
25,27,28,1,0,0,0,0,1,0,
36,27,30,1,0,0,0,0,0,0,
43,27,32,1,0,0,0,0,0,0,
31,27,1,2,0,0,0,1,0,0,
7,27,3,2,0,,1,1,1,1,
32,27,5,2,0,1,0,0,0,0,
58,27,7,2,0,0,1,0,0,0,
33,27,9,2,0,1,1,0,,1,
44,27,11,2,0,0,1,0,0,1,
35,27,13,2,0,,1,1,,1,
29,27,15,2,0,0,1,0,1,0,
48,27,17,2,0,0,0,1,0,1,
5,27,19,2,0,0,0,0,1,0,
51,27,21,2,0,0,1,0,0,1,
30,27,23,2,0,0,0,0,0,0,
57,27,25,2,0,0,0,0,1,0,
50,27,27,2,0,0,0,1,0,0,
55,27,29,2,0,0,1,0,0,1,
40,27,31,2,0,1,1,0,0,1,
43,28,2,1,0,1,1,0,0,0,1
7,28,4,1,0,0,0,0,0,0,
45,28,6,1,0,0,1,0,1,1,
29,28,8,1,0,1,0,0,0,1,
64,28,10,1,0,,1,1,0,1,
32,28,12,1,0,0,0,1,0,0,
63,28,14,1,0,0,0,0,1,1,
16,28,16,1,0,0,0,0,0,0,
62,28,18,1,0,0,1,1,0,1,
55,28,20,1,0,1,0,0,0,1,
47,28,22,1,0,0,1,1,1,1,
18,28,24,1,0,0,0,0,,1,
51,28,26,1,0,0,0,0,0,1,
33,28,28,1,0,1,0,0,1,1,
19,28,30,1,0,0,1,1,0,0,
61,28,32,1,0,0,1,0,0,1,
36,28,1,2,0,0,1,0,1,1,
68,28,3,2,0,,1,1,0,0,
58,28,5,2,0,0,0,0,0,1,
34,28,7,2,0,0,0,0,0,1,
11,28,9,2,0,0,0,0,0,1,
21,28,11,2,0,0,1,0,,1,
23,28,13,2,0,1,0,0,0,1,
52,28,15,2,0,0,0,,1,1,
56,28,17,2,0,0,0,0,0,0,
20,28,19,2,0,0,0,0,0,0,
67,28,21,2,0,0,1,0,1,1,
57,28,23,2,0,0,0,0,0,1,
60,28,25,2,0,0,1,0,0,1,
15,28,27,2,0,0,0,0,1,1,
13,28,29,2,0,1,1,0,0,1,
38,28,31,2,0,0,0,0,0,1,
19,29,2,1,0,0,0,0,1,0,
30,29,4,1,0,1,0,0,1,0,
55,29,6,1,0,0,0,0,0,1,
58,29,8,1,0,0,0,1,0,0,
6,29,10,1,0,0,0,0,0,0,
50,29,12,1,0,1,0,0,,1,
21,29,14,1,0,0,1,1,1,0,
43,29,16,1,0,1,0,1,,0,
41,29,18,1,0,0,1,0,0,1,
40,29,20,1,0,0,0,0,0,1,
33,29,22,1,0,0,1,0,1,0,
53,29,24,1,0,0,1,0,,1,
37,29,26,1,0,0,0,1,0,0,
29,29,28,1,0,0,1,0,0,1,
63,29,30,1,0,0,0,0,0,1,
67,29,32,1,0,0,0,0,0,0,
48,29,1,2,0,0,1,0,,1,
12,29,3,2,0,0,1,0,,1,
17,29,5,2,0,0,1,0,0,1,
64,29,7,2,0,1,0,0,0,1,
44,29,9,2,0,0,0,0,0,1,
23,29,11,2,0,0,1,0,1,1,
32,29,13,2,0,0,1,0,,1,
10,29,15,2,0,0,1,1,0,0,
22,29,17,2,0,1,1,1,1,0,
42,29,19,2,0,0,0,1,0,1,
60,29,21,2,0,0,1,0,0,0,
16,29,23,2,0,0,0,0,1,0,
62,29,25,2,0,0,0,0,0,0,
9,29,27,2,0,0,0,0,0,1,
5,29,29,2,0,0,0,0,1,1,
25,29,31,2,0,0,0,0,1,1,
64,30,2,1,0,0,1,0,,1,
27,30,4,1,0,0,0,0,0,1,
16,30,6,1,0,0,0,0,0,0,
41,30,8,1,0,0,1,0,0,0,
51,30,10,1,0,1,1,0,0,0,
45,30,12,1,0,0,0,1,,0,
44,30,14,1,0,0,1,1,0,,1
32,30,16,1,0,0,0,0,0,1,
48,30,18,1,0,0,0,0,0,0,
6,30,20,1,0,0,0,0,,1,
37,30,22,1,0,0,0,1,1,0,
5,30,24,1,0,0,0,0,,1,
49,30,26,1,0,0,0,0,0,0,
19,30,28,1,0,0,0,1,,1,
22,30,30,1,0,0,0,0,0,1,
46,30,32,1,0,0,1,0,0,1,
54,30,1,2,0,0,0,0,,1,
29,30,3,2,0,0,0,0,,1,
58,30,5,2,0,0,0,0,0,1,
66,30,7,2,0,0,1,1,1,0,
38,30,9,2,0,0,0,0,1,1,
50,30,11,2,0,0,1,0,0,1,
31,30,13,2,0,,1,0,,1,
56,30,15,2,0,0,0,1,0,1,1
40,30,17,2,0,1,0,1,0,1,
53,30,19,2,0,0,0,1,1,1,
43,30,21,2,0,0,0,0,0,0,
60,30,23,2,0,0,0,0,,1,
61,30,25,2,0,0,0,1,1,1,
62,30,27,2,0,1,0,0,0,1,
57,30,29,2,0,0,0,0,0,1,
18,30,31,2,0,0,0,0,0,0,
12,31,2,1,0,0,1,0,0,1,
14,31,4,1,0,0,0,0,1,1,
35,31,6,1,0,0,0,0,0,1,
7,31,8,1,0,1,0,0,0,0,
58,31,10,1,0,0,0,0,0,1,
48,31,12,1,,1,0,1,0,1,
57,31,14,1,0,0,0,0,0,1,
28,31,16,1,0,0,0,0,0,1,
63,31,18,1,0,0,1,1,0,1,
19,31,20,1,0,0,0,0,0,1,
56,31,22,1,0,0,1,1,0,1,
10,31,24,1,0,0,0,0,,1,
62,31,26,1,0,0,0,0,0,1,
38,31,28,1,0,0,1,0,0,1,
11,31,30,1,0,0,1,0,0,1,
16,31,32,1,,1,0,1,1,1,
22,31,1,2,0,0,1,0,,1,
26,31,3,2,0,0,0,0,,1,
43,31,5,2,0,0,0,0,0,1,
31,31,7,2,0,1,0,0,0,1,
53,31,9,2,0,0,0,0,0,1,
61,31,11,2,0,0,1,0,0,1,
67,31,13,2,0,0,1,0,0,1,
5,31,15,2,0,0,0,0,0,0,
45,31,17,2,0,0,0,0,0,1,
9,31,19,2,0,0,,,1,1,
65,31,21,2,0,0,0,0,0,1,
66,31,23,2,0,0,0,0,0,1,
17,31,25,2,0,1,0,0,0,1,
51,31,27,2,0,0,0,0,0,1,
52,31,29,2,0,1,1,0,1,1,
37,31,31,2,0,0,0,0,0,1,
26,32,2,1,0,1,1,0,0,0,
14,32,4,1,0,1,1,1,1,0,
36,32,6,1,,1,1,0,1,,
38,32,8,1,0,1,1,0,0,1,
8,32,10,1,0,0,1,1,1,0,
66,32,12,1,0,0,1,0,,1,
62,32,14,1,0,1,1,0,1,0,
20,32,16,1,0,1,1,0,0,,1
44,32,18,1,0,1,1,0,1,1,
49,32,20,1,0,1,1,0,,1,
13,32,22,1,0,1,0,1,1,1,
48,32,24,1,0,1,1,1,,1,
56,32,26,1,0,0,1,0,0,0,
47,32,28,1,0,1,1,0,0,1,
71,32,30,1,0,1,1,1,0,0,
57,32,32,1,0,0,1,0,0,0,
33,32,1,2,0,0,1,1,,1,
6,32,3,2,0,,1,1,1,1,
54,32,5,2,0,0,1,0,0,0,
24,32,7,2,0,,0,1,1,1,
68,32,9,2,0,0,0,0,0,1,
12,32,11,2,0,1,1,1,1,0,
60,32,13,2,0,1,1,0,0,0,
31,32,15,2,0,0,,1,0,1,
61,32,17,2,0,0,0,0,1,1,
67,32,19,2,0,1,0,,1,0,
30,32,21,2,0,1,0,0,0,0,
65,32,23,2,0,1,1,0,0,0,
19,32,25,2,0,0,1,0,,1,
69,32,27,2,0,1,1,1,0,1,
21,32,29,2,0,1,0,1,1,0,
53,32,31,2,0,1,0,1,0,0,
35,33,2,1,0,0,0,0,0,1,
60,33,4,1,0,0,0,0,1,0,
64,33,6,1,0,1,0,0,0,1,
26,33,8,1,0,0,1,0,0,1,
55,33,10,1,0,1,0,0,0,0,
48,33,12,1,0,1,0,0,,1,
21,33,14,1,0,0,0,0,0,1,
34,33,16,1,0,0,0,0,0,1,
53,33,18,1,0,1,0,0,0,0,
6,33,20,1,0,0,0,0,0,0,
42,33,22,1,0,0,0,0,0,0,
36,33,24,1,0,,1,0,,1,
14,33,26,1,0,0,0,0,0,0,
58,33,28,1,0,0,0,0,0,1,
47,33,30,1,0,0,0,0,0,0,
25,33,32,1,0,0,0,1,0,1,
38,33,1,2,0,0,0,0,,1,
39,33,3,2,0,,1,0,,1,
17,33,5,2,0,0,0,0,0,0,
59,33,7,2,0,0,,1,0,0,
8,33,9,2,0,0,1,1,,1,
46,33,11,2,0,0,0,0,1,1,
44,33,13,2,0,1,0,0,0,0,
32,33,15,2,0,0,0,0,0,0,
13,33,17,2,0,0,0,0,0,1,
52,33,19,2,0,1,0,0,0,1,
23,33,21,2,0,1,0,0,0,0,
51,33,23,2,0,1,0,0,0,1,
56,33,25,2,0,0,1,0,0,0,
45,33,27,2,0,1,0,0,0,1,
62,33,29,2,0,1,0,0,0,0,
22,33,31,2,0,0,0,0,0,0,
47,34,2,1,,1,1,0,1,0,1
39,34,4,1,0,1,1,1,0,,
10,34,6,1,0,0,0,1,1,1,1
8,34,8,1,0,0,1,0,1,1,
26,34,10,1,0,1,1,,1,1,1
68,34,12,1,0,,0,0,1,1,1
42,34,14,1,0,0,0,0,1,,1
14,34,16,1,0,1,0,0,,1,
32,34,18,1,0,0,0,1,1,1,
54,34,20,1,0,1,0,1,,1,
55,34,22,1,0,0,1,0,1,1,
62,34,24,1,0,1,,1,0,0,0
48,34,26,1,0,1,1,1,0,0,
25,34,28,1,0,1,1,1,0,0,
31,34,30,1,0,1,1,1,1,1,
56,34,32,1,0,0,1,1,0,1,1
57,34,1,2,0,0,0,0,1,,
6,34,3,2,0,0,0,0,,1,
17,34,5,2,0,0,1,0,0,1,
33,34,7,2,0,0,1,1,1,1,
59,34,9,2,0,0,0,0,1,,1
46,34,11,2,0,,1,1,1,,0
45,34,13,2,0,0,0,1,1,1,
41,34,15,2,0,,1,0,1,0,0
21,34,17,2,0,1,0,0,0,1,
12,34,19,2,0,0,1,,1,1,
16,34,21,2,0,0,1,1,0,1,
24,34,23,2,0,0,,1,1,1,
66,34,25,2,0,0,1,0,1,1,
67,34,27,2,0,0,0,1,0,0,
19,34,29,2,0,0,1,1,0,1,
53,34,31,2,0,0,1,1,0,1,1
17,35,2,1,0,0,0,1,0,1,
38,35,4,1,0,0,0,0,1,1,
25,35,6,1,0,0,0,0,0,1,
29,35,8,1,0,0,0,0,0,1,
8,35,10,1,0,0,0,0,0,1,
34,35,12,1,0,0,0,0,,1,
57,35,14,1,0,0,0,0,1,0,
59,35,16,1,0,0,0,0,0,1,
48,35,18,1,0,0,1,0,0,0,
54,35,20,1,0,0,0,0,0,0,
36,35,22,1,0,0,0,0,0,0,
31,35,24,1,0,1,0,0,,0,
62,35,26,1,0,0,0,0,0,0,
40,35,28,1,0,0,0,0,0,1,
60,35,30,1,0,1,0,0,0,0,
16,35,32,1,0,0,1,0,0,0,
32,35,1,2,0,0,0,1,0,0,
55,35,3,2,0,0,0,0,,1,
49,35,5,2,0,0,1,0,0,0,
12,35,7,2,0,0,0,1,0,1,
65,35,9,2,0,0,0,0,,1,
7,35,11,2,0,0,1,0,0,1,
21,35,13,2,0,0,1,0,0,1,
46,35,15,2,0,0,0,0,1,0,
37,35,17,2,0,0,0,0,1,0,
43,35,19,2,0,0,0,0,0,1,
44,35,21,2,0,0,0,0,0,0,
61,35,23,2,0,0,0,0,0,1,
35,35,25,2,0,0,0,0,0,0,
47,35,27,2,0,0,0,0,0,1,
63,35,29,2,0,0,0,0,1,1,
10,35,31,2,0,0,0,0,0,1,
49,36,1,1,0,0,1,1,0,1,
68,36,3,1,0,0,1,0,1,1,
51,36,5,1,0,1,0,1,1,0,
36,36,7,1,0,1,0,1,0,1,
58,36,9,1,0,0,0,0,0,1,
61,36,11,1,0,0,1,0,1,1,
39,36,13,1,0,0,0,0,1,1,
43,36,15,1,,0,0,1,1,0,
57,36,17,1,0,0,1,1,1,0,
24,36,19,1,0,1,1,,1,0,
46,36,21,1,0,0,0,0,,1,
23,36,23,1,0,0,0,0,0,1,
10,36,25,1,0,1,1,0,,1,
69,36,27,1,0,0,1,1,1,1,
53,36,29,1,0,,1,,,1,
42,36,31,1,0,0,1,1,0,0,
59,36,2,2,0,0,1,0,1,1,
20,36,4,2,0,1,0,1,0,1,
8,36,6,2,0,1,0,1,0,,
26,36,8,2,0,1,0,1,1,1,
34,36,10,2,0,1,1,1,1,1,
41,36,12,2,0,0,0,1,1,0,
38,36,14,2,0,0,0,0,1,1,
56,36,16,2,0,0,0,1,0,1,
45,36,18,2,0,0,0,0,0,0,
15,36,20,2,0,1,0,0,,1,
33,36,22,2,0,1,0,0,1,1,
44,36,24,2,0,0,1,1,,1,
7,36,26,2,0,0,0,0,0,1,
28,36,28,2,0,0,1,0,1,1,
29,36,30,2,0,0,,1,0,1,
40,36,32,2,0,0,0,1,1,0,
16,37,2,1,0,1,0,1,1,1,1
54,37,4,1,0,0,,1,0,1,
33,37,6,1,0,0,0,0,0,1,
46,37,8,1,0,0,0,0,0,0,
17,37,10,1,0,0,1,1,0,0,
34,37,12,1,0,0,0,0,0,0,
37,37,14,1,0,0,0,0,0,0,
26,37,16,1,0,0,1,,1,0,
14,37,18,1,0,1,1,0,0,1,
45,37,20,1,0,0,0,0,,1,
8,37,22,1,0,0,0,0,0,0,
35,37,24,1,0,0,0,0,,1,
32,37,26,1,0,0,0,0,0,0,
25,37,28,1,0,,1,0,1,1,
39,37,30,1,0,0,1,0,0,0,
49,37,32,1,0,0,0,0,0,0,
50,37,1,2,0,0,0,0,,1,
10,37,3,2,0,,1,0,0,0,
12,37,5,2,0,1,0,0,0,1,
44,37,7,2,0,0,0,0,0,0,
52,37,9,2,0,0,1,1,1,0,
27,37,11,2,0,0,1,1,0,1,
57,37,13,2,0,1,1,0,,1,
22,37,15,2,0,0,1,0,0,1,
43,37,17,2,0,0,0,0,0,0,
42,37,19,2,0,0,1,,1,0,
5,37,21,2,0,1,0,0,0,1,
66,37,23,2,0,0,0,0,0,0,
40,37,25,2,0,0,0,0,0,0,
9,37,27,2,0,1,0,0,1,1,
15,37,29,2,0,0,1,1,1,1,
41,37,31,2,0,0,0,0,0,0,
12,38,1,1,0,0,1,1,0,0,1
28,38,3,1,0,,1,1,1,1,
26,38,5,1,0,0,0,0,1,1,
48,38,7,1,0,0,0,1,1,1,
41,38,9,1,0,0,0,0,1,1,
36,38,11,1,0,0,0,0,1,1,
11,38,13,1,0,1,1,1,1,1,1
53,38,15,1,0,0,0,0,1,1,
39,38,17,1,0,0,0,,0,1,
46,38,19,1,0,1,,1,1,1,
63,38,21,1,0,0,0,0,,1,
25,38,23,1,0,0,0,,1,1,1
37,38,25,1,0,1,0,0,,1,
60,38,27,1,0,1,0,,1,1,
58,38,29,1,0,0,1,1,1,1,
45,38,31,1,0,0,0,,0,1,
33,38,2,2,0,0,0,0,1,0,
66,38,4,2,0,1,,1,1,1,
64,38,6,2,0,0,0,,1,1,
19,38,8,2,0,0,0,1,0,1,
61,38,10,2,0,0,0,,1,1,
21,38,12,2,0,1,0,0,,1,
55,38,14,2,0,0,1,1,1,,1
38,38,16,2,0,0,0,1,1,0,
68,38,18,2,0,1,1,,1,1,
24,38,20,2,0,1,1,1,0,0,
30,38,22,2,0,0,0,0,0,0,
57,38,24,2,0,0,0,0,,0,
47,38,26,2,0,0,0,1,0,1,
50,38,28,2,0,1,0,0,1,1,
31,38,30,2,0,1,0,0,0,0,
35,38,32,2,0,0,0,0,0,1,1
50,39,2,1,0,0,1,1,0,1,
47,39,4,1,0,0,1,0,,1,
25,39,6,1,0,1,1,1,0,1,
38,39,8,1,0,0,1,0,0,1,
9,39,10,1,0,1,0,1,0,1,
30,39,12,1,0,0,1,0,0,1,
40,39,14,1,0,1,1,1,0,1,
59,39,16,1,0,1,1,1,0,1,
11,39,18,1,0,0,0,0,0,1,
62,39,20,1,0,0,0,0,0,1,
57,39,22,1,0,1,0,1,1,1,
60,39,24,1,0,1,0,1,,1,1
55,39,26,1,0,0,0,0,1,1,
37,39,28,1,0,0,1,0,0,1,
41,39,30,1,0,0,1,1,1,1,
31,39,32,1,0,0,1,1,0,1,
34,39,1,2,0,0,0,1,1,1,
7,39,3,2,0,1,1,1,1,1,
32,39,5,2,0,0,0,0,0,1,
49,39,7,2,0,1,1,0,0,1,
21,39,9,2,0,0,1,0,1,1,
42,39,11,2,0,1,1,0,0,1,
56,39,13,2,0,1,1,0,0,1,
16,39,15,2,0,0,1,1,0,1,
12,39,17,2,0,1,0,1,1,1,
20,39,19,2,0,1,0,0,0,1,
53,39,21,2,0,1,0,0,,1,
5,39,23,2,0,1,0,1,1,1,
6,39,25,2,0,0,1,0,0,1,
23,39,27,2,0,1,0,1,1,1,
58,39,29,2,0,0,1,1,1,1,
27,39,31,2,0,1,1,0,0,1,
23,40,1,1,0,0,1,1,,1,
56,40,3,1,0,1,0,1,,1,
30,40,5,1,0,0,0,0,0,1,
7,40,7,1,0,1,1,0,1,1,
25,40,9,1,0,0,0,0,0,1,
17,40,11,1,0,0,0,0,1,1,
32,40,13,1,0,1,1,0,0,1,
63,40,15,1,0,1,1,1,1,1,
10,40,17,1,0,0,1,0,0,1,
36,40,19,1,0,0,0,,1,1,
49,40,21,1,0,0,0,0,1,1,
35,40,23,1,0,0,0,0,0,1,
52,40,25,1,0,0,0,1,1,1,
58,40,27,1,0,0,0,0,0,1,
42,40,29,1,0,0,0,0,1,1,
12,40,31,1,0,0,0,0,0,1,
40,40,2,2,0,0,1,0,0,1,
21,40,4,2,0,1,0,0,1,1,
15,40,6,2,0,1,0,0,0,1,
19,40,8,2,0,0,0,0,1,1,
37,40,10,2,0,1,0,0,0,1,
59,40,12,2,0,1,0,0,,1,
67,40,14,2,0,1,0,1,1,,
66,40,16,2,0,1,1,1,1,,
44,40,18,2,0,0,0,0,0,1,
28,40,20,2,0,0,0,1,1,1,
5,40,22,2,0,0,1,0,1,1,
51,40,24,2,0,0,1,0,,1,
18,40,26,2,0,1,1,1,0,1,
45,40,28,2,0,1,1,0,0,1,
39,40,30,2,0,0,0,0,0,1,
27,40,32,2,0,1,0,1,1,1,
60,41,2,1,0,0,0,0,0,1,
5,41,4,1,0,1,1,1,0,1,
32,41,6,1,0,0,1,0,0,1,
23,41,8,1,0,0,0,0,0,1,
26,41,10,1,0,1,1,0,0,1,
22,41,12,1,0,0,1,1,0,1,
33,41,14,1,0,1,1,1,0,1,
18,41,16,1,0,1,1,0,0,0,
36,41,18,1,0,1,1,1,0,1,
38,41,20,1,0,0,1,0,0,0,
35,41,22,1,0,1,1,1,1,0,
27,41,24,1,0,1,0,0,,1,
10,41,26,1,0,0,1,0,0,1,
15,41,28,1,0,0,1,0,0,1,
42,41,30,1,0,1,1,1,0,1,
13,41,32,1,0,0,1,1,0,0,
39,41,1,2,0,0,1,0,,1,
20,41,3,2,0,0,1,0,,,
16,41,5,2,0,0,1,0,0,1,
49,41,7,2,0,1,0,0,0,1,
63,41,9,2,0,0,0,0,,1,
47,41,11,2,0,0,1,0,,1,
37,41,13,2,0,0,1,0,,1,
55,41,15,2,0,0,1,1,1,1,
31,41,17,2,0,1,1,1,0,1,
53,41,19,2,0,0,1,0,1,1,
25,41,21,2,0,1,1,1,0,1,
7,41,23,2,0,1,0,0,0,1,
19,41,25,2,0,1,1,,1,1,
56,41,27,2,0,1,0,1,1,1,
40,41,29,2,0,0,0,0,0,,1
59,41,31,2,0,0,1,0,1,1,
23,42,1,1,0,1,1,,1,1,
39,42,3,1,0,0,0,0,0,1,
5,42,5,1,0,0,0,0,0,0,
41,42,7,1,0,0,0,0,0,1,
43,42,9,1,0,1,1,0,,1,
52,42,11,1,0,0,1,1,0,1,
64,42,13,1,0,0,1,0,0,1,
31,42,15,1,0,,1,0,0,1,
32,42,17,1,0,,1,1,0,1,
61,42,19,1,0,1,0,0,0,1,
19,42,21,1,0,0,0,0,0,0,
44,42,23,1,0,0,0,0,0,1,
35,42,25,1,0,0,0,0,0,1,
28,42,27,1,0,1,0,1,0,1,
24,42,29,1,0,1,1,0,1,1,
59,42,31,1,0,0,1,0,0,1,
11,42,2,2,0,0,0,0,0,1,
13,42,4,2,0,1,0,0,0,1,
9,42,6,2,0,0,1,0,0,1,
17,42,8,2,0,0,0,0,0,1,
47,42,10,2,0,0,0,1,1,1,
56,42,12,2,0,1,1,1,1,1,
16,42,14,2,0,0,1,0,1,1,
7,42,16,2,0,0,0,0,0,1,
62,42,18,2,0,0,0,0,0,0,
40,42,20,2,0,0,0,0,1,1,
26,42,22,2,0,0,0,0,0,1,
20,42,24,2,0,0,,1,,1,
8,42,26,2,0,0,0,0,0,1,
15,42,28,2,0,1,0,0,1,1,
29,42,30,2,0,0,0,0,0,0,
63,42,32,2,0,1,0,0,0,1,
13,43,2,1,0,0,0,0,0,0,
28,43,4,1,0,0,0,1,0,0,
44,43,6,1,0,1,0,0,0,1,
64,43,8,1,0,0,1,0,0,1,
50,43,10,1,0,0,0,0,0,0,
55,43,12,1,0,0,0,0,,1,
53,43,14,1,0,0,0,0,0,0,
17,43,16,1,0,1,0,0,0,0,
33,43,18,1,0,0,0,0,1,1,
46,43,20,1,0,0,0,0,0,0,
59,43,22,1,0,0,0,0,0,0,
32,43,24,1,0,0,0,0,,1,
43,43,26,1,0,0,0,0,0,0,
15,43,28,1,0,1,1,0,1,0,
27,43,30,1,0,1,1,1,0,0,
5,43,32,1,0,0,,1,0,0,
30,43,1,2,0,1,1,0,0,0,
41,43,3,2,0,0,0,0,0,0,
20,43,5,2,0,0,0,1,0,0,
39,43,7,2,0,1,,1,0,1,
48,43,9,2,0,0,1,0,,1,
34,43,11,2,0,0,,1,,1,
66,43,13,2,0,,1,0,0,0,
56,43,15,2,0,0,0,0,0,1,
6,43,17,2,0,0,1,0,0,0,
52,43,19,2,0,0,0,0,0,1,
62,43,21,2,0,0,0,0,0,0,
54,43,23,2,0,0,0,0,0,0,
67,43,25,2,0,0,0,0,1,0,
23,43,27,2,0,0,0,0,0,1,
37,43,29,2,0,0,1,0,0,1,
26,43,31,2,0,0,0,1,0,0,
36,44,1,1,0,0,,1,0,1,
29,44,3,1,0,,1,1,1,1,
61,44,5,1,0,1,0,0,0,1,
48,44,7,1,0,0,1,1,0,1,
44,44,9,1,0,1,,1,1,1,
39,44,11,1,0,0,1,0,,1,
35,44,13,1,0,,1,0,1,1,
57,44,15,1,0,0,1,1,1,0,
38,44,17,1,0,0,1,0,0,1,
27,44,19,1,0,1,1,1,0,1,
43,44,21,1,0,1,0,0,1,1,
68,44,23,1,0,1,1,0,0,1,
60,44,25,1,0,,0,1,0,1,
66,44,27,1,0,0,1,1,1,1,
13,44,29,1,0,1,1,1,,1,
34,44,31,1,0,1,1,1,1,1,
7,44,2,2,0,1,1,1,1,1,
14,44,4,2,0,0,1,1,0,1,
9,44,6,2,0,1,1,1,0,1,
58,44,8,2,0,0,0,0,0,1,
40,44,10,2,0,1,1,1,1,1,
67,44,12,2,0,1,1,0,1,1,
64,44,14,2,0,1,0,1,0,1,
16,44,16,2,0,1,1,0,1,1,
19,44,18,2,0,1,1,1,0,1,
47,44,20,2,0,1,1,1,0,1,
22,44,22,2,0,0,,1,1,1,
6,44,24,2,0,1,1,1,1,0,
33,44,26,2,0,,1,1,0,0,
42,44,28,2,0,1,1,0,1,1,
11,44,30,2,0,1,0,1,1,1,
24,44,32,2,0,1,1,1,0,1,
42,45,2,1,0,1,0,0,1,1,1
38,45,4,1,0,1,1,0,0,0,
43,45,6,1,0,,1,1,0,0,
18,45,8,1,0,1,0,0,1,1,
13,45,10,1,0,0,0,0,0,1,
65,45,12,1,0,0,1,1,1,1,
61,45,14,1,0,0,0,0,1,0,
20,45,16,1,0,1,0,0,0,0,
55,45,18,1,0,1,1,0,1,1,
62,45,20,1,0,1,1,1,0,,
16,45,22,1,0,0,1,1,1,1,
28,45,24,1,0,0,0,0,,1,
17,45,26,1,,1,0,0,1,0,
7,45,28,1,0,1,1,1,1,1,
37,45,30,1,0,1,0,0,0,0,
46,45,32,1,0,1,0,0,1,0,
60,45,1,2,0,1,1,1,1,0,
23,45,3,2,0,,1,0,1,1,
54,45,5,2,0,0,0,0,0,0,
24,45,7,2,0,1,0,1,1,0,
53,45,9,2,0,0,1,1,1,0,
57,45,11,2,0,1,0,0,1,,
9,45,13,2,0,1,0,0,0,1,
39,45,15,2,0,1,0,1,1,1,
12,45,17,2,0,1,1,0,0,0,
36,45,19,2,0,1,0,0,1,1,
32,45,21,2,0,0,0,,1,0,
45,45,23,2,0,1,0,0,1,0,
22,45,25,2,0,0,0,0,1,1,
15,45,27,2,0,0,1,1,1,1,
59,45,29,2,0,0,1,1,1,0,
48,45,31,2,0,0,1,1,0,0,
41,46,1,1,0,1,0,0,1,1,
8,46,3,1,0,1,0,0,1,1,
30,46,5,1,0,,1,0,,1,
38,46,7,1,0,1,,1,1,1,
21,46,9,1,0,1,1,0,0,0,
35,46,11,1,0,,1,,1,0,
10,46,13,1,0,1,0,0,0,0,
32,46,15,1,0,1,1,0,0,1,
16,46,17,1,0,1,1,1,0,1,
64,46,19,1,0,1,1,0,1,0,
52,46,21,1,0,0,0,1,,1,
28,46,23,1,0,,0,1,0,0,
23,46,25,1,0,1,1,1,0,0,
15,46,27,1,0,1,1,1,1,1,
14,46,29,1,0,0,1,1,1,1,
26,46,31,1,0,1,1,,1,0,
5,46,2,2,0,1,1,1,0,1,
62,46,4,2,0,1,1,,1,1,
17,46,6,2,0,1,1,1,0,0,
55,46,8,2,0,0,0,0,0,0,
24,46,10,2,0,1,1,0,0,1,
7,46,12,2,0,1,1,0,0,0,
12,46,14,2,0,1,1,1,0,0,
47,46,16,2,0,1,1,,0,1,
29,46,18,2,0,,1,1,,1,
13,46,20,2,0,0,1,1,1,0,
53,46,22,2,0,1,0,0,0,0,
61,46,24,2,0,1,1,0,1,0,
46,46,26,2,0,,1,1,0,1,
37,46,28,2,0,,1,1,0,1,
59,46,30,2,0,1,0,0,0,0,
68,46,32,2,0,0,0,1,0,0,0
9,47,2,1,0,1,1,0,0,1,
23,47,4,1,0,0,0,1,0,1,
39,47,6,1,0,0,0,0,0,1,
19,47,8,1,0,0,1,0,0,1,
25,47,10,1,0,1,0,0,0,1,
29,47,12,1,0,1,0,0,,1,
60,47,14,1,0,1,0,0,1,1,
6,47,16,1,0,0,0,1,0,1,
41,47,18,1,0,0,0,1,0,1,
43,47,20,1,0,1,1,0,,1,
42,47,22,1,0,1,1,1,1,1,
54,47,24,1,0,0,0,0,,1,
44,47,26,1,0,0,0,0,0,0,
32,47,28,1,0,0,1,0,1,1,
50,47,30,1,0,1,0,0,1,1,
59,47,32,1,0,0,0,0,0,0,
16,47,1,2,0,1,1,0,,1,
11,47,3,2,0,0,0,0,,1,
35,47,5,2,0,1,1,1,0,1,
64,47,7,2,0,,1,0,1,1,
61,47,9,2,0,0,0,0,0,1,
27,47,11,2,0,0,1,0,1,1,
15,47,13,2,0,1,1,1,,1,
48,47,15,2,0,1,1,1,1,0,
58,47,17,2,0,1,0,0,0,1,
51,47,19,2,0,0,0,0,1,1,
22,47,21,2,0,,1,0,0,1,
53,47,23,2,0,1,1,0,0,1,
5,47,25,2,0,0,0,0,,1,
62,47,27,2,0,0,1,1,0,1,
49,47,29,2,0,1,1,1,1,1,
18,47,31,2,0,1,1,1,0,1,
59,48,1,1,0,0,1,0,,1,
47,48,3,1,0,0,0,0,,1,
41,48,5,1,0,0,0,0,0,0,
48,48,7,1,0,0,1,0,0,1,
28,48,9,1,0,0,0,0,0,1,
6,48,11,1,0,0,1,1,0,1,
65,48,13,1,0,0,0,1,,1,
15,48,15,1,0,0,0,0,1,1,
53,48,17,1,0,0,0,1,0,1,
5,48,19,1,0,0,0,0,0,0,
39,48,21,1,0,0,0,0,0,0,
44,48,23,1,0,0,1,0,0,1,
27,48,25,1,0,0,0,0,,1,
7,48,27,1,,1,0,0,0,1,
37,48,29,1,0,1,0,0,0,1,
12,48,31,1,0,0,1,0,0,1,
54,48,2,2,0,0,0,0,1,1,
35,48,4,2,0,0,0,0,0,1,
45,48,6,2,0,0,0,0,0,,0
13,48,8,2,0,1,1,0,0,1,
63,48,10,2,0,0,0,0,0,1,
9,48,12,2,0,1,0,0,0,1,1
52,48,14,2,0,0,0,0,0,1,
20,48,16,2,0,1,0,0,1,0,
43,48,18,2,0,1,0,0,0,1,
16,48,20,2,0,1,0,0,0,0,
57,48,22,2,0,0,1,0,0,1,
55,48,24,2,0,0,0,0,,1,
38,48,26,2,0,0,0,0,0,1,
26,48,28,2,0,1,1,0,0,1,
8,48,30,2,0,1,0,0,0,1,
50,48,32,2,0,0,0,0,0,1,
22,49,2,1,0,0,0,1,1,1,1
65,49,4,1,0,1,1,0,,1,
14,49,6,1,0,0,1,0,0,0,
26,49,8,1,0,1,0,,0,1,
50,49,10,1,0,,1,1,,0,1
42,49,12,1,0,1,1,1,,0,1
55,49,14,1,0,,,1,1,0,1
7,49,16,1,0,1,1,0,0,0,
54,49,18,1,0,,1,0,1,1,
32,49,20,1,0,1,1,1,1,1,
13,49,22,1,0,1,0,0,0,1,
67,49,24,1,0,0,0,0,0,1,
59,49,26,1,0,1,0,1,1,1,
53,49,28,1,0,1,1,,1,1,
33,49,30,1,0,1,1,0,0,0,
30,49,32,1,0,1,0,,1,0,1
45,49,1,2,0,1,1,,1,1,
48,49,3,2,0,1,0,0,1,1,
40,49,5,2,0,1,0,0,0,1,
20,49,7,2,0,0,0,,0,1,
11,49,9,2,0,0,1,0,1,1,
62,49,11,2,0,0,0,0,,1,
18,49,13,2,0,1,1,0,1,0,1
5,49,15,2,0,0,0,0,0,0,
28,49,17,2,0,0,1,,0,1,
56,49,19,2,0,,0,0,,0,
57,49,21,2,0,1,0,0,1,1,
58,49,23,2,0,1,1,0,0,1,
34,49,25,2,0,0,1,0,,1,
6,49,27,2,0,0,,1,0,1,
37,49,29,2,0,1,0,,1,1,
63,49,31,2,0,1,1,0,1,1,
24,50,1,1,0,0,0,0,,1,
66,50,3,1,0,0,0,0,,1,
59,50,5,1,0,0,0,0,0,0,
63,50,7,1,0,0,0,0,0,1,
49,50,9,1,0,0,0,0,0,1,
69,50,11,1,0,0,1,1,0,1,
43,50,13,1,0,0,0,1,0,0,
54,50,15,1,0,0,0,0,1,1,
37,50,17,1,0,0,0,0,0,0,
6,50,19,1,0,0,0,0,0,0,
16,50,21,1,0,0,0,0,,1,
58,50,23,1,0,0,0,0,0,0,
57,50,25,1,0,0,0,0,0,0,
10,50,27,1,0,,1,0,0,1,
55,50,29,1,0,0,0,0,0,0,
9,50,31,1,0,0,0,0,0,1,
22,50,2,2,0,0,0,0,0,0,
41,50,4,2,0,0,0,0,0,1,
51,50,6,2,0,0,0,0,0,1,
34,50,8,2,0,0,0,0,0,1,
19,50,10,2,0,0,0,0,0,0,
30,50,12,2,0,0,1,0,,1,
62,50,14,2,0,0,0,0,1,0,
40,50,16,2,0,0,0,0,0,0,
53,50,18,2,0,0,0,0,0,0,
21,50,20,2,0,0,0,1,0,0,
38,50,22,2,0,0,0,0,0,0,
56,50,24,2,0,0,0,0,0,1,
5,50,26,2,0,0,0,0,0,1,
33,50,28,2,0,0,0,1,0,0,
17,50,30,2,0,0,0,0,0,0,
48,50,32,2,0,0,,1,,1,
